ID	Texts	Labels
7770	@user His performances at Hull don’t lie , he’s a good player . I remember reading somewhere that he went to Slav multiple times to say he’s being played out of position and was told “you’ll play where I play you” .	Neutral
12484	The reason behind doing nice things for people is not to gloat of your awesomeness but to quietly encourage others to be kinder . When you doing something nice for a stranger keep it to yourself 😁	Love
6967	Ripoff Report Raising Awareness about Phony Advertisements Using A List Celebrity Names And The Criminals Behind Them http More on Ripoff Report at : http	Neutral
7044	@user Fair enough . No 6 - 0 loss is ever acceptable .	Anger
10437	Those shoes I got are the free models that have the segmented , extra flexible soles . Your feet have to kind of get used to the extra range of motion they afford ,	Neutral
8038	Please subscribe to our blog for health update at http http	Neutral
10755	yeah my ass is going wherever jasons going lmao	Joy
9411	@user And of course . . . . . Daddee was known as the escape artist in Chengdu - which rubbed off on a certain other cub @user # BestPandaGenes	Joy
6934	@user 😢 Boooo . DTM races both days so if you could travel between races . . . 🤔	Sadness
12499	I always binge watch # Star when the season is over . I can ’ t wait a whole week to find out what happens next . # lovethisshow	Joy
12261	Finna drop another track	Joy
7199	I A M T R Y I N G T O M A K E M Y H O M E P R E S E N T A B L E B U T I T I S A F U C K I N G D I S A S T E R ! ! !	Anger
6681	MANDY ROWDEN is coming up next at six !	Neutral
9931	Why is it that I always clean when I’m mad ?	Anger
9403	@user Just from reading the article it would seem sessions and Page will Be indicted soon if the Ruskies don’t get them first	Neutral
11340	@user Oh theres been plenty of cooperation between the # fraudinchief # sexualassaulter # POTUS @user and the Russians already .	Anger
11861	@user I’m never doing that shit again . 🤦 🏽 ‍ ♀ ️	Sadness
12395	My boss can ’t take two seconds to send me the work schedule but expects me to drive five hours to work . 😊 🙃	Anger
9779	1 ) took bomb ass photos in an empty parking lot	Joy
6646	@user Profound thread , altho I prolly would’ve said : “Whats it like to live knowing that someone can kill you or someone you love and nothing WILL ever be done about it ? ” Something can be done ; it just isn’t . Therein lies the injustice . Maybe in our lifetimes . The struggle continues	Sadness
10327	Ive always wondered ( and maybe @user can answer ? ) : did Ultra Magnus properly die on Junk in earlier versions of the script before new toy rule saved him ? The way he just stops speaking post his rebirth even though hes still Autobot leader feels like minimal rewriting .	Neutral
12373	http You Can Have Him I Dont Want Him Didnt Love Him Anyhow Blues ( 1922 ) Van and Schenck Dougherty : Comedy ; acou . . .	Neutral
7153	@user Whereas you , as you keep telling us , have read a book . Well done ! 👏 👏 👏	Joy
9004	@user Some of its fun . I’m not very smart but libtards always make me look like a genius . 😂	Joy
10826	@user Yo cory the most hectic game is injustice 2 and love yo vids cory been here since 2014 and i really would apreciate it if i win a ps4 or xbox one really would make me so happy and ya good luck to anyone else and 👍 🏽 👍 🏽 👍 🏽 🔥 🔥	Joy
9028	Shocking . America whither goest thou ? http	Sadness
10725	Okay , this been on my phone for too long ; whose pic is it and where can I get the video http	Neutral
7698	@user Which one are you talking about	Neutral
7541	Enter to # win a stocking stuffer prize pack from Church & Dwight and @user ( CAN 01 / 01 ) http	Neutral
8955	@user I see what you mean . . I prob have moments where i come off that way lol , but it’s bc I’ve never met anyone who matched my happiness with them vs . when I’m alone . . It’s sometimes brag worthy	Joy
10304	@user Nothing but lies , hypocrisy , spin and propaganda with these Trudeau Libs . Note to McKenna - Canadians are well educated and intelligent - not a dim witted audience ! These tweets of yours fall FAR from the mark Im afraid !	Anger
11407	@user Hello Summer im your fan New year for you My name is Ricardo Kisses	Love
6986	@user Oh dear . I wish Id known that fifteen minutes ago . . .	Sadness
7874	This dude @user just hit his first 6 multi with the barret and quite a few 5 multis	Joy
10875	@user Exactly why I was asking when it was a republic and now I’ll ask why you would want to keep a government founded on white supremacy ? We could do a lot better .	Anger
10616	PLEASURE BALM CREME DE MENTHE http http	Neutral
12358	Among the wild details in this is that Papadopoulos allegedly put together a meeting between Trump and el - Sisi http	Neutral
6730	It certainly seems as though the WH is very afraid . To wit : the lies are becoming more desperate and more numerous . It’s becoming relentless . But we’re also learning that the list of GOP with Russia ties and parallel agendas is growing . And we can surmise that Payl Ryan knew . http	Fear
12242	NowPlaying Morning Walk - Progress Towards Darkness on http	Neutral
11874	Yo I honestly cannot wait to be pregnant one day but in like 6 years . . .	Joy
12278	Tell me , give me one good reason why I should I care about anything other than myself and what I want ?	Anger
10412	Hope everyone has a happy new years : )	Joy
11237	I liked a @user video http DRIVE THRU FIVE NIGHTS AT FREDDYS 2 ! ! !	Joy
10889	A host at 141 . 105 . 69 . 190 ( RU , Moscow City - Moscow ) connected to my honeypots fake Terminal Services server . . . # netmenaces 1	Neutral
11582	@user I herein give you instructions	Neutral
7969	@user Young not going top 5 . Highest is 6 the other 5 are already proven players that will possible become stars in the next level . Espically the low teams so far already have point guards .	Neutral
7400	Been on yo block a few times you ain’t never there 🙅 🏽 ‍ ♂ ️ ‼ ️	Anger
7563	One of my FAVOURITE things of 2017 was seeing former @user students of mine take the world by storm in their own unique and spectacular way . Cheers to YOU all . 🙏 😁 🎉 🍾	Joy
9415	Racing , competing , its in my blood . Its part of me , its part of my life ; I have been doing it all my life and it stands out above everything else .	Joy
9408	A la une : Pinna Pierre on Twitter : How Will Be The Job Market for # DataScienti . . . http see more http	Neutral
7760	I tweeted 11 months back 2017 is going to be the year that leaves a permanent bad taste in my mouth . If that wasnt foreshadowing , I dont know what is .	Sadness
9917	@user Cause it’s gross . It was awhile back though . Wasn’t here in town	Anger
11885	The Met is a pay what you can museum . - There are also high - traffic times of year you may want to avoid , namely the holiday travel season . P http	Neutral
8684	@user A calm rationale on an imperfect politician . A human being under unfair scrutiny like no one else . Even for a politician . I disagree with # Corbyn on some issues . But I like him . Genuine . He supported the # Miners when we were under attack . I support him now .	Love
7523	Learn how to look in to a homes heating system to see if it will give you grief . # reale . . . http http	Neutral
11304	For protection and preservation of wealth of youthfulness , crores of ‘Divya Prerana Prakash’ booklets are distributed among people . # युवाधन _ की _ रक्षा http	Neutral
11285	My man not here 💍 I aint got no energy for you fuck niggas . dead weight 🗣	Anger
8731	And I don’t want to seem like I’m bragging or I’m special or anything like that , because I’m not , but honestly they’ve had such a major impact on my life .	Love
12075	Michael D . Greaney , Center for Economic and Social Justice ( http Whence Cometh This Demand ? , II : . . . http	Neutral
9490	@user Let me know if you’re interested in purchasing one : )	Neutral
11511	@user I laughed for ten whole minutes at the ridiculousness of this ! ! ! 🤣 🤣 🤣	Joy
10380	@user Kyle , Im here being serious af and youre over here being a brat . Y tho ?	Anger
9078	@user I doubt she has any interest in us , or know how to find us	Neutral
12417	@user Sure thing Donald . Is that why you’re also a pathological liar and bully ?	Anger
10535	@user IM SO EXCITED TO MEET YOU should we grab dinner beforehand ? Theres a LittleBig Burger right by the stop after the Lloyd Center !	Joy
6688	I was waking up every single night from sleeping several times with aches in my whole body , one of the signs that I suffered from depression is when I slept normally , الحمد لله I suffered from it , and I really hope I would never get back to this	Sadness
12451	@user im the same with my nipples . i wanna get them re done so bad but idk if the pain is worth it 😭 😭 😭	Sadness
8283	its amazing to me how bored harry is during his classes at hogwarts . like oh sorry do you have something more interesting to do than watch professor sprout pot this crying baby plant ? ? ? ?	Anger
6779	@user Thats where the birds go . We had a bunch of chickens in our barn that had a medical issue that was transmittable to other birds , so we cant have any other birds in there until its cleared . So the cocks go in the hallway until theyre adopted	Neutral
8619	@user YES HALLELUJAH ANYHOW	Joy
8839	- I n t e g r i t y A new calendar year is approaching and it continues to be a wonderful time . . . http	Joy
10751	@user I mean . . . this is the busiest time of year for WDW but I just wanna see a show at HoB 😣	Sadness
9287	@user It seems so typical . Its like well if she wants to be President not only should she be more qualified but she should be the most popular and withstand any organized smearing or interference . Otherwise she is no good . Same double standard women have always put up with	Anger
10162	@user Outrageous , I’m writing a strongly worded letter to my MP !	Anger
11935	@user Sorry to hear your TV was out . Was it just yours or was it out on the whole plane ?	Neutral
8836	@user And none of trumps cult members have a problem with this they screamed drain the swamp with him & he played their dumb asses like a fiddle he’s abusing the system thanks to them & they are silent as he screws this entire country	Anger
9528	@user Did I mention Free ! ! I , d love to start the New Year off right . I just thought I should have just e - mailed you . Oh well , Let me know , You could also e - mail me riverrat@user Cheers	Joy
8983	@user How about David Shaw , anything there or just another hopeful rumor	Neutral
9803	@user You can travel with East Midlands Trains to Ely and thence on to Stansted for Greater Anglia and Great Northern . ^ RM	Neutral
7496	Love how everyone in Reno hops aboard the EDM train for SnowGlobe only	Joy
10688	Incredible drama at the arrows 🎯	Joy
10428	So , @user if you hear music in your heard every day you are either a musician or a mental patient ? I have been hearing it for decades and Im neither though I wanted to be a singer . @user http	Neutral
7904	been doing yoga and or back stretches past few days and it feels amazing . . i have done extreme sports ma whole life but being on computer so much is now messing up my back	Joy
9208	@user I have thought for sometime that it is possible that Trump didnt do anything illegal . But , first , we dont know what Mueller has and I await his eventual report . Second , is it is clear that Russia attempted to interfere with our elections . Whatever happened must be revealed .	Neutral
12812	Post # 6 Genius Hr Proj - Although in the design phase of the stats proj , we have begun construction for the aquaponic system bc building takes months . The system is the treatment of my experiment to raise awareness for the class ! before & after construction ↓ @user # EHSMath http	Neutral
9341	Great reminder for wherever He leads in 2018 “My eyes are on You Lord . My eyes are on You . ” http	Joy
10693	@user Are we talking about boneless or traditional ? If boneless , thats just a nugget coated with sauce and can be eaten with a spoon for all I care .	Neutral
7280	Still skating on his own . Was expected to miss 10 - 12 weeks and thats still timetable . So he wont be back before Devils bye week Jan . 8 - 12 . http	Neutral
8189	had the BEST night at mamma mia tonight 😍 😍 😍 😍 not only did myself and my beautiful boy have a lovely dinner and see a fantastic show but we were also sitting beside @user who was kind enough to give us an autograph for my mum ! !	Joy
12526	Got to a meeting with “Carl” then manager of a new club that just opened . Some sort of speakeasy that would be called “The Galt” Carl understood I had a plan and a vision but not yet the means to it but being a believer he gave me a Month to prove myself http	Joy
8637	A few hours in to AC Origins , I realized that I own but have never played Syndicate .	Neutral
12303	@user / / omg same . I honestly don’t remember the last time I actually plotted . I’m not new to RP , but I am to Star Wars RP specifically . But it’s been a long while . I’m so glad I’m getting to meet such nice people like yourselves to RP with because it’s loads of fun !	Joy
11466	now onto the heavy stuff , my mom died on august 24 out of nowhere and im still obviously dealing with that	Sadness
12753	The biggest mistake i have made in my life , is letting people stay in it far longer than they deserved to ! # timetoletgo	Anger
12748	two million seventy one thousand two hundred forty one	Neutral
7296	@user Drafting a RB in the top 10 is a sure fire way to get fired . Who cares the talent when you can find comparables in the third round . Shelf life for a RB is far too short	Anger
8425	If Josh Allen were to leave this off season . It would be a huge recruiting tool for Stoops . Allen was a very low 3 ⭐ ️ . Some had him a 2 ⭐ ️ . He has developed a lot in just 3 years .	Neutral
12240	Why @user and Travis Scott song sound just like Krippy Kush by @user 	Neutral
11463	Retweeted Warren Buffet ( @user ) : Dont worry about people talking behind your back , theyre behind you for a reason	Neutral
11401	@user Last time . The US military is incapable of launching an invasion against Iran . They cant bomb it with its air defenses . You guys think the US military is actually competent . That is where you always get it wrong .	Anger
1299	"¿Qué hubiera pasado si esta "" crisis "" del agua hubiese sido en el gobierno de Sánchez Cerén ? Pues el tío Nuégado estuviera dormido en CAPRES y Lina Pohl diría que hay que comprar agüita embasada e irse a la playa o a la montaña mientras pasa esta situación . 🤷 🏻 ‍ ♂ ️"	Anger
1273	Los tipos siguen sin traer la suya al país ! ¿Explícame como esperan que esto se calme si todos sabemos que ustedes no confían en ustedes ?	Anger
996	@user Hay que entender que el poder económico de Guatemala no se ve afectado por esta crisis , podrian pasar 2 años enteros sin ver afectado su patrimonio , al poder económico les favorece , porque esta crisis va a quebrar a la empresa pequeña , lo que les quita competencia .	Neutral
708	ya vieron que en todo fandom están los que saben hacer edits , ponen teorías que te vuela la mente , hacen layouts de otro nivel y sus cuentas se ven muy lindas , tienen tweets re buenos y luego estamos los que simplemente aprecian lo hermoso que hay acá y amén	Love
225	¡ ¡ FINAL EN LA MINA ! ! Carabanchel 1 - 1 @user Punto importante para los nuestros . # vamoscara	Joy
109	@user Soy hija de un sindicalista asesinado en dictadura por un militante de Patria y Libertad . . pero eso no nunca ha nublado mi juicio y a diferencia de otros q han sacado provecho de esta misma condición lo q tengo y soy es fruto de mi esfuerzo y capacidad . . .	Anger
1187	Vieja estupida , loca y corrupta llena de botox . http	Anger
949	@user Naaaaa , posta amigoo ? Lo amo tanto y ahora mas jajaja	Love
456	No me gusta la violencia pero sorry “MUERTE A MADURO” solo con eso nuestros hermanos venezolanos serán libres	Anger
66	las cosas cambian bastante , has dejado de importarme	Sadness
821	Estaría andando todo bien . Ampliaremos	Neutral
809	Me quiero casar con el , no me importa que sea gay . http	Love
1293	@user Y si gana el apruebo y no ganas más de los 2 / 3 de la convención que sea ( mixta o constitucional ) , tampoco hay cómo , sin negociar .	Neutral
263	Baja laboral provocada por la astenia primaveral http vía @diariojuridico	Neutral
1234	¿Quién soy yo ? | Cortometraje | Reflexión http via @YouTube	Neutral
1164	""" Tenemos que empezar a mirar la red como una nueva oportunidad para conectar con la ciudadania . "" @user # ciudadyjuventud"	Neutral
674	@user Y usted es mas pensante ?	Neutral
30	Traigo los labios bien resecos por pura falta de uso	Sadness
940	@user jajajajaja me encanta esa fotos , pero no hay nada como el back jajaja por mas momentos asi # Niñas4ever	Joy
516	@user Porque son trecemecinos poh	Anger
496	@user Aún lo tengo , pero olvidé el cargador en CDMX 😭 😭 le pediré a mis roomies me lo envíen por correo 💔	Sadness
785	Intrant presenta Guía Metodológica para entornos escolares seguros en RD http	Neutral
1114	Si uno no entiende cuál es el fundamento , ni cómo trabaja , el sistema del cociente , medio cociente , y residuo , mal puede opinar que es un mecanismo malo , inservible , o que propicia la trampa . Lo que más nos conviene es tener votantes y ciudadanos lo más educados posible .	Neutral
1067	@user que era entonces ?	Neutral
1325	@user Está más que claro que es un loco ocioso , realmente ocioso . No tiene más que hacer y mucho menos cultivar el espíritu sinceramente . . . ser un imbécil es su techo simple .	Anger
864	Oye que sad ver las historias de interfacus desde tu sitio en la chamba ☹ ️	Sadness
1038	Niegan hospitales de BC atención a migrantes afrodescendientes : ONG http	Neutral
246	# Series La Casa de las Flores temporada 3 : el final de las desventuras de los De la Mora http # PromoActualPZO	Neutral
819	No tienen vergüenza , 2000 docentes relacionándose en los colegios estando contagiados , es lo que va a ocurrir en otras comunidades . Gasto en que lleva e l Gobierno en compras opacas , inútiles e inservibles . http	Anger
20	@user yo odio más a nuestra defensa	Anger
192	Cada vez que pasábamos con mis amigxs por ese lugar nos imaginábamos que ahí íbamos a tomar el té cuando lleguemos a más grandes . Tendremos que buscar otro lugar 😥 Cierra La París tras 50 años de historia y tres generaciones en La Plata http	Sadness
81	Me urge una cerveza ! ! ! Me = Me Urge = Urge Una = puede ser 1 , 2 , 3 o asta 4 Cerveza = Cerveza # FelizMartes	Joy
26	Como embola el invierno , oscurece al toque y tremendo frio como para salir a tomar mates , para estar encerrado me quedo en la cueva	Sadness
1204	Una vez más , y ya van unas cuantas . . . @user mete a dos representantes , @user en chicos y @user en chicas , en las finales de un # Cadeba . Algo se está haciendo bien por nuestra tierra ! ! ! # OrgulloAlmeriense http	Joy
762	Rueda de prensa del Partido Fuerza del Pueblo , domingo 17 de mayo del 2020 . http	Neutral
16	@user No puede haber centro del campo menos creativo , xavi e iniesta tienen q estar retorciendose , q insulto para la historia reciente del barça	Anger
691	El director del Instituto San Bonifacio , Gabriel , articuló con un profesor Ingeniero hidráulico que fue quien realizó la reparación a un costo mucho más accesible para ellos . Se articuló el traslado y se consiguió el dinero de forma particular , sin recursos materiales del Estado . http	Neutral
170	Tengo que dejar de seguirlos en las redes porque me va a dar un acv 🙄 😤	Anger
195	🙋 🏻 ‍ ♀ ️ 🤦 🏻 ‍ ♀ ️ estoy igual . . . gracias a Dios tengo mucho cabello , pero ya me preocupa 😖 http	Fear
178	cuando este cover no pensábamos que esta bebé sería una de las mejores cantantes femeninas en el mundo con demasiado éxito me siento muy orgulloso http	Joy
584	@user Venezuela es el único país del mundo que no contribuye al calentamiento global gracias al mes de apagones	Neutral
1185	Disculpa pero a cuál presidente te refieres ? http	Anger
724	@user que dices payasa 😠	Anger
512	Antes eran relaciones carnales . Ahora enamoramiento . Tan patético y triste que no parece real http	Sadness
598	Me la vi en 1 dia , lo mejor del mundo supera a gran hermano de aca a la china http	Joy
276	@user Hay sesgo de género en la segunda afirmación ? O es similar ?	Neutral
917	El Profesorado del Centro de Educación de Personas Adultas Alto # Guadalentín también manifestó a favor de la reducción de horas lectivas dentro de la campaña que CCOO Enseñanza está llevando a cabo en toda la Región de Murcia . @user http	Neutral
45	Jajajajajaja jajajaj la amo http	Joy
962	# URUxPER | Penales | Édison Flores ( Perú ) convierte el penal . Uruguay : X O O O O ( 4 ) Perú : O O O O O ( 5 )	Neutral
673	# DebateAr2019 hay que tender a la legalización del aborto @user @mauriciomacri	Neutral
862	Disfrutando con @user de las MARAVILLOSAS vistas de la puesta de sol gracias a @user http	Joy
1110	. @user hay 16 Vzlnos asesinados y cientos d heridos . Ud . no merece llevar uniforme d Fuerza Armada . Ud ensucia institución	Anger
418	Y ni duermo siesta , por que no se	Neutral
825	Mi voz es estilo Paulina Rubio , será que ya puedo ser cantante ? 🙊	Neutral
768	@user Pues que eres imbécil	Anger
1212	boi a dejar esto aca x si alguien quiero aserme 1 consulta o pedirme 1 consejo http	Neutral
589	Todo el maldito dolor valió la pena . http	Sadness
290	@user 7 . La rap line de los bangtan 🤠 # BTS # PCAs # TheMusicVideo @BTS _ twt	Joy
738	En el # GobiernoDeMéxico impulsamos # EstímulosFiscales en la Frontera Norte para generar condiciones de desarrollo y bienestar — para que nadie tenga que emigrar . • IVA 8 % • ISR 20 % • Doble salario mínimo • Se homologaron precios de energéticos con EUA http	Neutral
508	Mi crush del trabajo cumple el mismo día que mi mejor amiga , eso debe ser una señal para que ya andemos .	Love
259	con la corteza de la vara que nace en la mitad del # cocuy , se hacen cestas y tambien se usa como mecate http	Neutral
612	Si me pagaran por perder ccelulares http	Anger
665	@user Efectivamente , tú país tuvo su pico de fallecidos a inicios de abril llegando a cero a finales de junio , luego al reiniciar actividades también lo hizo el # Covid _ 19 . No soy experto en medicina , opino que había que esperar unos meses para aperturar actividades . http	Neutral
865	@user Me estresan , y todos cantan como haciendo fuerza 💩	Anger
15	¡ No vas a arruinar mi cumpleaños Covid ! http	Anger
410	“te ♥ ️ pero principalmente te elijo” 😭 😭 😭 😭 😭 😭 😭 😭 los amo http	Love
894	Kicillof anunciará este sábado cómo continúa la etapa de aislamiento en los municipios @user http	Neutral
538	Dices una cosa y actúas de otra manera , no me chingues .	Anger
405	"@user Soldados ignorantes sin ninguna preparación y para completar reciben "" instrucción "" del ejército . Qué más podemos esperar ."	Anger
278	los politicos sonn cacos d corbata	Anger
1277	La cantidad de cosas que estoy comprando es impresionante	Joy
682	Esto de que me sea tan tarde me descontroló , todo . Perdón , bebé . ) : @user # BodaDANEROS	Love
795	Las escenas de hoy se lo merecen así que ABRO HILO DE ESCENAS BRUNIA 💜 http	Joy
705	# PreciosSorprendentes se viene con todo este hot sale	Joy
101	Que lindo es despertarse a esta horaaa 💘	Love
108	@user El alcalde de Cartagena ayer mismo salió en el programa del presidente a las 6 p . m . diciéndo de la solicitud de las pruebas piloto con Bogotá ( min 42 ) http	Neutral
17	Ofrezco mi # Rosario por miles de corazones tristes , angustiados , con miedo pero con la esperanza de un mundo mejor para todos . Toca # Señor los corazones de tus hijos que necesitan más que nunca de tu amor , báñalos con tu Misericordia infinita y dales fe , esperanza y amor 💕 http	Love
884	Los secuestradores de Norberto tenían informantes en PGJCDMX . Aquí , ⁦@user presenta los chats . 👇 http	Neutral
952	Cuando miras solo inspiras a pecar	Neutral
561	🗞 La obsesiva lucha contra el coronavirus podría provocar brotes de otras enfermedades : Unos 80 millones de chicos menores de un año no recibieron vacunas contra poliomielitis y sarampión desde el inicio de la pandemia http # Rosario3	Neutral
354	@user Hermoso toque de 3 dedos del que cobró ese despeje con la cabeza de la rata . . . uff , que se lo lleven a la NFL	Joy
1180	No hay ciudadanos de primera ni de segunda , necesitamos # CrecerJuntos con igualdad de oportunidades . ¡ Vamos por un mejor Chetumal ! http	Neutral
1080	Pero eh we , le competimos al Liverpool al tú por tú we , el mundo nos respeta we .	Joy
635	@user Cabildo mutilado en 1889 , aún italianizante pero ya sin torre , 1930 . http	Neutral
1064	@user Lo mala ortografía lo delató si es él http	Anger
1122	# MAMANDOYLOCO Ahora resulta que se han incrementado el número de personas que cobran por sexo en esta red social . Ya me han caído dos basquetbolistas ofreciendo sus servicios y en verdes : 20 $ por una mamada y 50 $ penetración . Y lo peor , habrá quien los paga . Fin de mundo ! http	Anger
1218	Suecia inaugura una carretera eléctrica que funciona como un ' scalextric ' para recargar los coches http vía @user http	Neutral
470	Recordando de las preselecciones País : Austria Artista : Conchita Wurst Cancion : That ’ s what I Am Posición : 2 # eurovision Nomino a @user y @user http	Neutral
413	@user Que su viejo es un delincuente es algo serio y real .	Anger
1043	Lo mínimo que podía hacer era esperarme con uno	Anger
235	Muy mal si me voy a dormir ahora ? ?	Sadness
450	@user Gracias mi pana 🤓	Love
838	me mentiste unaaa vez y no hay no existe forma que te crea más nada	Anger
500	Toy re contenta de ir al gym con mis cuates 🤠	Joy
1269	🏆 Se han entregado los premios del VI Certamen de ideas de negocio “Arganda Emprende @user http	Neutral
1126	Los boinas negras salieron peor qué los pacos en la florida La gente anda toda en la calle después de las 10 y los camiones con milicos pasan o por el lado y no hacen nada así esto no terminará nunca	Anger
704	@user Acabo de perder mi cartera	Sadness
75	Tengo que organizarme Tengo que organizarme Tengo que organizarme Tengo que organizarme Tengo que organizarme Tengo que organizarme Tengo que organizarme Tengo que organizarme Tengo que organizarme Tengo que organizarme Tengo que organizarme Tengo que organizarme	Neutral
755	Quien le mete papas fritas a los sándwiches de miga ? digo así somos amigos	Neutral
594	@user Para tu padre lo peor es que el no pueda hacer nada más que acompañarte , ten fé y dios los ayudará y podrás quererlos por mucho tiempo , que dios te bendiga y te de la ánimo necesario para acabar con esa enfermedad o con cualquiera que se te pueda presentar .	Love
2880	L ’ école pue toujours autant la merde , un système catastrophique , les profs sont payé une misère , l ’ échec scolaire est toujours plus gros , Piiire pays d ’ Europe en apprentissage mais attention hein une robe longue , c ’ est le cauchemar de l ’ école évidemment ( petite gêne ) 🤡 🤦 🏻 ‍ ♂ ️ … http	Anger
2816	Après faut pas trop leur en demander , c ’ est pas les plus futés qu ’ il y a là dedans http	Anger
2407	"@user C ' est une uchronie que vous décrivez là : il est strictement impossible de savoir ce qu ' aurait été le monde si des événements avaient été différents . Inventer un passé alternatif afin de justifier un "" peut - être l ' avenir "" est une démarche qui n ' a aucun sérieux ."	Anger
2849	"@user La ville de Lévis se développe avec de l ' argent volé et détourné depuis 30 années . "" TA . . . "" comme le dit si bien Guy Cormier . Voler la rente de l ' autre , il faut être CRACK POT en SACRAMENT ."	Anger
3056	@user c ça le même dont t ’ as parlé cette nuit ?	Neutral
3192	Ca y est je suis motivée pour ma journée de taff la go faire de la moneyyyy	Joy
2437	@user Je pense que c ' était ironique .	Neutral
1631	@user Je sais pas quelle drogue tu fumes ou qui te paie pour raconter des salades , à ton âge si tu n ' es pas intelligent il faut être digne de ta race c ' est le minimum ou si ton cerveau est en location aussi il faut nous dire .	Anger
2842	@user Ptdrr c ’ toi qui a montré ta fiche de paie hein 🤣 et tu vas dire que ça te harcèle mdrr	Joy
2200	@user Certes 😅 . L ' immobilier a d ' autres atouts . L ' un n ' empêche pas l ' autre c ' est même le contraire	Joy
3081	@user Irremplaçable tout à fait d ’ accord 👍 donc pas eu besoin de regarder ce programme surtout sur TF1 👎	Joy
3215	@user J étais locataire le bailleur m ' a mis a la porte	Neutral
2490	@user J ' ai vu aussi . T ' as oublié de dire des FLICS collabos . Je serais scandalisé si j ' étais surpris mais ça vient d ' un petit nombre de gens dont il n ' y a rien à attendre et que j ' évite le plus soigneusement possible .	Anger
2808	@user Ce n ' est pas du tout représentatif ! Il faut recommencer .	Anger
2284	@user Ils sont pas futés , personnellement se genres de films ( comme Charles Bronson ) se n ' est pas ma tasse de thé .	Anger
1757	Vous étiez au courant que le voyage de Véronique était très long ? ? ? # ADP	Neutral
2503	Bonjour Ayons foi en Dieu , prions le chaque jour . Seul , lui peut nous ouvrir la route qui mène jusqu ' à lui = & gt ; http # lamourdedieu # miracle # viergemarie # saintvierge # pardon # pardonner # engagement # mariage # aimer # amour # enfants # amour # Dieuestamour http	Neutral
2866	@user Perso c ' est une des raisons pour laquelle je part souvent 3 - 4 sec avant le vert quand je vois que les autres feux sont rouges	Neutral
2188	@user Excellent tweet ! L ' ironie est la meilleure des écoles . 👍	Joy
3183	@user Vas - y tes électeurs seront satisfait de toi . . . . . les autres s ' en branle	Anger
3079	Est ce que je viens de commander du matériel pour faire un casque / masque pour @user ? Peut - être . . . . . . . . . . . Si j ' y arrive il faudra me remercier d ' avoir ENFIN des dédicace de votre auteur de BD préféré !	Joy
2350	@user Nous sommes le mardi 29 aout dans le nord de la Provence . Après des pluies diluviennes dans la nuit de samedi à dimanche , il fait 18 degrés ce matin avec un mistral à décorner les boeufs ( pointe à 80 km / h ) . Un temps automnal en plein été .	Neutral
2934	@user que certains de mes commentaires allaient dans ce sens , c ' est que vous l ' avez ou les aviez mal compris . Comme je ne l ' ai jamais dit , je ne peut rien dire sur les répercussions que ça a eu à l ' international . Ne me faites pas dire des chose que je n ' ai pas dit .	Anger
2945	bref je vais finir les 4 pages de mon livre on se retrouve quand je serais desséchée http	Neutral
2937	@user Je le dis et je le répète : c ’ est un grossier montage . Libre à vous d ’ y croire	Anger
1561	@user Dixit l ’ inculte qui se croit journaliste ! 🙄 🤦 ‍ ♂ ️ Quand l ’ islam sera majoritaire en France , tu n ’ auras plus le droit de parler , abruti ! Et tu viendra chouiner et quémander la liberté d ’ expression ! Fait un effort pour t ’ instruire avant de tweeter . 🙄 👍	Anger
3085	@user Non , c ' est une robe chemise oversize , elle n ' est pas près du corps du tout . Bon j ' ai une autre image . http	Neutral
2526	Goku le super Saiyan avec un coeur pur et une soif damelioration infinie http	Love
1514	Vous savez comment je peux changer la police d ' écriture ( quelle extension utiliser ) de mon VSC ? Je trouve pas à part changer le thème .	Neutral
2677	J ’ ai développé quelque chose d ’ extrêmement paradoxal . D ’ un côté une peur IMMENSE du v * ol et des agressions sexuelles ( voir du sexe en général ) , de l ’ autre une obsession vis à vis de ce sujet , le besoin constant d ’ en parler , d ’ y être « exposée . »	Fear
1448	@user tu as tout faux chérie , grace a la robotique et l ' ia nous pouvons faire de cette terre un paradis ou l ' homme n ' auras plus a travailler , les robots feront tout , c ' est ineluctable , le seul probléme c ' est d ' empécher une poignée d ' ordures de s ' en approprier touts les bénefices . .	Anger
2885	@user Mais aux etats unis ils tous majoritairement americain l equipe 👩 🏿 ‍ 🦲 👩 🏿 ‍ 🦲 Suite a l esclavage	Neutral
2064	@user J ’ tassure ! Il faut ! Je vais continuer à lui écrire en tout cas	Joy
2713	@user Le fait qu ' on arrête une course dès qu ' il y a le moindre pet de travers aujourd ' hui	Neutral
1417	Il aura le mérite d ’ avoir accompagné le 1er mandant du Chef de l ’ État @user mais également l ’ incarnation du laxisme d ’ un système face à la médiocrité et à l ’ incompétence . NGOBILA aurait sauté depuis longtemps si nous étions aussi sérieux que le prétendons . http	Anger
2699	@user Oui ces écologistes ne sont heureux qu ’ avec des gens qui ne se douchent qu ’ une fois tous les 15 jours	Anger
2954	@user Et on est pas a l ' abri d ' une blessure surtout quand on connaît notre staff , et Bennacer on le reverra pas avant janvier , sans compter qu ' il y a les coupe en février donc quoiqu ' il arrive celui qui sera sur le banc aura facile 25 - 30 matchs cette saison	Fear
2696	@user Alors vient pas nous emmerder si les Bourges se pointent avec des signes ostentatoires de richesses et vêtements de marque pour se séparer des classes populaires . Les enfants ne se parleront plus dans l école . Bande de fous .	Anger
1601	allez expliquer cela à la famille de l ’ égyptien qui s ’ est fait filmé en train de se faire bouffer cet été à 10 mètres de la plage . Contrairement aux idées reçues , les requins n ' attaquent que très rarement les humains | National Geographic http	Neutral
1577	@user 🤣 🤣 🤣 🤣 🤣 🤣 🤣 ta de la merde dans les yeux toi ! Non les femmes françaises ne sortaient pas en pyjama ! 🤣 🤣 🤣 🤣	Joy
2347	Toujours aucun remboursement de la part d ’ @user mais j ’ ai reçu des messages de nombreuses personnes ayant rencontrés le même problème que moi , une honte . # boycottuber # uber	Anger
1391	@user Et les blindés sont arrivés à la fin … Heureusement pour eux parce sinon au virage du carrefour pour aller à Oletta il y seraient encore …	Joy
1518	Quel est l ' éditeur qui vous a le plus surpris , en bien et / ou en mal , ces dernières temps ? Quelle est la série qui vous a le plus passionné cette année ? Pensez vous investir autant de temps et / ou d ' argent dans votre passion , à l ' avenir ? # Mangas # Sondage http	Neutral
2841	@user Mais on l ' a littéralement vu dans 3 épisodes de quoi tu me parles ? Tu sais c quoi un parcours ? On l ' a jamais vu de quoi il était réellement capable 🤣	Joy
2839	@user vous etes pas pret pour le downgrade en vitesse d ' antony 😅 spoil : il a 78 vit et 89 d ' accélération dans la dernière maj de fifa 23 hors fut , 83 de moyenne soit un joli - 10 en 1 an 😅	Joy
1765	Non par contre si j ' ai mes favs au mcoundown jpleure j ' vous jure	Sadness
2371	@user ils auraient pu faire une ode a Bercy aussi .	Neutral
2773	@user Après ta vue où il jouait le turc les joueurs là - bas c ' est loin d être aussi bon que ceux de Rennes	Sadness
2782	@user Enleve tes œillères stp	Anger
2133	@user De toutes manières la politique je n ' y crois plus trop Je suis comme qui dirait résigné Ils nous ont eus On l ' a dans l ' cul pour faire des rimes 😕	Sadness
2528	@user Reviens par pitié KARIM	Love
1862	@user T dur a comprendre la grammaire et l ’ orthographe c pas pr toi	Anger
1724	Découvrez le son de El Manato ! # TikTok http	Neutral
2814	J ’ aurai pas mieux dit ☝ 🏾 http	Joy
1616	# Processus électoraux en RDC . Ce régime , né grâce à Une fraude électoral , la géopolitique est un facteur important qui favorise la cohésion sociale , comment est il possible qu ' une seule tribu peut occupé les fonctions ayant Rapport avec le processus électoral . http	Anger
2376	@user C ' est comme la voie du ninja : la constance et la discipline sont essentielles . Baisser la garde , même dans vos emails , c ' est risquer de perdre la confiance acquise . Restez affûté et maintenez le niveau . 🥷 📧	Neutral
1837	@user Hmmmm . . . Fais toi plaisir 😋 . . . Je serais volontaire si tu n ' as plus de piles	Joy
1818	"Les membres du laboratoire de recherche et développement "" Smarti Lab "" affilié à l ' École Marocaine EMSI ont décroché deux médailles d ' or et deux grands prix lors de la compétition au Salon international de l ’ Innovation iCAN 2023 organisé du 23 au 26 à Toronto au 🇨🇦 # Maroc # Morocco http"	Neutral
1542	ça peut pas être daniel ça , lui faire bouger son cul 2j entier c ' est beaucoup lui demander http	Anger
2056	@user C ' est pour les douleurs , mais également pour le moral . Les bénéfices sont très importants sur l ' humeur . Quant au dosage , c ' est en fonction du % et du poids	Neutral
3145	[ 👜 Bagage oublié] Sac perdu ou trouvé ? Valise 🧳 , sac à main 👜 , de shopping 🛍 ️ ou de sport 🎒 ; gagnez du temps , prévenez un agent en station ou via les bornes d ’ appel sur les quais . 1 sac oublié = 1 heure de trafic perturbé . # bagageoubliétraficperturbé # prévenezunagent # RATP http	Neutral
2106	je suis tjrs couché et là j ’ étais entrain de me rendormir un peu	Neutral
2576	@user Arrêtez de mentir , et vous n ' aurez plus de notes sous vos tweets . Facile , non ?	Anger
2565	@user Parlons des vrais problèmes : Oui . Le nivellement vers le bas du niveau scolaire pour que les nouveaux arrivants aient aussi leur chance . . .	Anger
1444	@user Vous seriez prêt à mettre des professeurs talibans pourvu que vous ayez un siège d ’ élu . La France et ses valeurs ne comptent pas pour vous et c ’ est pourquoi vous allez être balayé aux élections . 🇫🇷	Anger
3077	@user Hum la France , tu es nue et bientôt tu seras chassée	Anger
3018	@user Aïe ! Tu prends beaucoup les transports en commun ? Pour le moment les gens au contact clientèle sont pas trop touchés chez nous Repos et Doliprane si tu peux 😩	Sadness
2098	"«Nous sommes les gardiens de la République» , claironne la présidente du groupe "" La France Islamiste "" Mathilde Panot Un commentaire ? http"	Neutral
1876	@user Bah on serais pas né donc tu serais pas entrain d ’ écrire ce bon gros Tap In de merde	Anger
1352	"@user Vous , @user vous êtes très clair sur votre pensée vis - à - vis de @user Il est dommage que d ' autres aient peur de se positionner N ' oublions pas que "" le plafond de verre "" a été inventé par le socialiste Mitterrand , premier destructeur de notre indépendance"	Sadness
3222	Les Juives souhaitant s ' habiller en habits du cirque vont dans des écoles confessionnelles juives , et n ' imposent pas leur présence à l ' école publique , laïque . # abaya # attal http	Neutral
1482	@user TU FUMES DE LA BONNE ZATLA ENFANT DE BOUSBIR LES SEULS ESCLAVES C EST TES FEMMES MULET ET TES KAHBOUCHA DE BOUSBIR http	Anger
2279	@user Ca ne fait que démontrer toujours un peu plus que ces pourritures sont des corrompus , des fois qu ’ on aurait encore des doutes . Au fait , les scandales - vrais ceux ci - liés à Biden père et fils , c ' est passé à la trappe ?	Anger
3244	“C ' est un cauchemar pour nous . ” Vincent Collet “Après la défaite de vendredi on s ' attendait à une réaction et je pense qu ' on l ' a eue . Une vraie réaction car durant 3 quarts - temps on a bien mieux joué . Mais ça n ’ a pas été assez car je pense qu ’ on a souffert de la même chose que … http	Sadness
1428	@user Est ce qu ' il serait possible que nous ayons le chiffres exact de l ' augmentation s ' il vous plaît ?	Neutral
1440	Les parents du petit Émile viennent d ’ avoir le malheur de réaliser une interview au magazine « Famille chrétienne » . Ils y parlent de leur foi catholique . Ils demandent en plus « à Dieu un miracle » . Que n ’ ont - ils pas fait ? Ils sont donc moqués , mis plus bas que terre , … http	Anger
2590	@user Vous avez une dates	Neutral
2171	Fascisme et trafic d ’ enfants : le régime du général Pinochet ne pratiquait pas que le national catholicisme il était aussi un régime pedocriminel soutenu par la CIA et Henry Kissinger , prix Nobel de la paix … http	Neutral
3169	"@user C ' est le problème su mot islamophobe . Ceux qui sont juste raciste des arabes se cachent derrière "" mais non je ne vise pas la religion je ne suis pas islamophobe "" . Un peu comme les antisémites qui disent "" mais non j ' ai rien contre les juifs , je suis antisioniste """	Anger
1668	@user j ’ aurais acheter depuuuuuis	Joy
1732	@user vous en avez pas marre d ' être intolérant ? et de jugez les gens par association ? gattepaille je m ' en fous de lui , c ' est personne mais quand on vous sort d ' autres points de vue de gens qui ont publié de nombreux articles on se fait bloquer . http	Anger
2248	@user Mais si puissantes que fussent sur l ' esprit du jeu ussi je l ' aime de toute mon âme . Mais , maintenant	Love
1733	Layton adulte je le trouve pas ouf mais Layton adolescent c ' est un casse - couilles de première en plus il est trop aigri et parle trop mal de son meilleur pote c ' est une dinguerie mdrrrr http	Anger
1710	Sabrina Salerno , née le 5 mars 1968 à Gênes , est une chanteuse et actrice italienne plus connue dans les années 1980 sous le nom seul de Sabrina . C ' est sur elle que j ' ai commencé les branlette à l ' époque http	Neutral
2073	@user la haine des Juifs , le port de l ’ # abaya ou la lapidation des femmes sont prescrites par le Coran . Pourquoi donc les immigrants ont tous l ' air innocents et prétendent être persécutés ( ou sans ressources chez eux ) ? Taqya , ou l ' art de la dissimulation , également enjointe par le … http	Anger
2239	"@user Colo 3 , 18 : "" Femmes , soyez tout dévouement pour vos maris comme il convient à des personnes unies au Seigneur "" . Paul , Cor . 11 : 6 Si la femme ne porte pas de voile , qu ' elle se fasse tondre ! Mais si c ' est une honte pour une femme d ' être tondue ou rasée , qu ' elle porte un voile !"	Neutral
1346	@user —Voulez vous encore savoir autre chose ? dit l ' abb ez pas croire cela . Vous étiez au contraire dans d	Neutral
2694	@user Elle n ' a rien d ' arménienne . Avoir autant d ' énergie pour aimer nos bourreaux est très suspect .	Anger
3046	Je l ’ ai pas tapé juste pcq elle était déjà en béquilles cette grosse timp de ses morts mais g envie de tuer la c une dinguerie	Anger
3261	J ’ aurai préféré être en tt au moins j ’ aurai pu dormir	Sadness
2319	@user Si le tweet de Medine était purement antisémite il n ’ y aurait pas eu autant de débat … . Vous auriez émis des seulement des doutes je l ’ aurais accepté … . D ’ autant que vous avez purement fermé votre gueule sur « le déchet » Deux poids deux mesures inacceptable	Anger
1857	@user Elle devait disparaître au mois de juillet l ’ inflation est - ce que vous nous auriez encore menti	Anger
2941	@user J ' ai fait la même . Saison 1 en une soirée , saison 2 en 2 😭 🤣	Joy
1614	@user Julien resta immobile il aimait l ' abbé Pirard . La prudence avait beau lui dire : Après le départ de cet honnête homme le parti du Sacré - Cœur va me dé	Neutral
1588	@user Le principe est simple , on en a plien le cul de votre présence sur notre sol , vous êtes invivable !	Anger
3118	@user T ’ es une grosse folle par contre , va te faire soigner à m ’ identifier sous tes post de grosse pute parle pas de moi et je parle pas de toi sois grande fille un peu mais bon vu comment t ’ es ca va être chaud pour toi . remet toi en question tu fou la honte l ’ homophobe de service .	Anger
2655	@user Super intéressant comme partage . De la même façon je serai curieux de suivre comment ça se passe sur LinkedIn pour toi . ( Si tu y es toujours aussi actif )	Joy
1822	On a vécu notre meilleure vie à l ’ Hotel Mahfouf hier soir . Trop de good vibes ! Merci encore @user 🩷 @user 🫶 🏻 🕺 🏻 http	Joy
3242	@user En plus il y a bcp d autres vêtements qui permettent de cacher les parties de son corps que l ' on ne souhaite pas montrer donc choisir l abaya n est pas un hasard . Puis ne soyons pas naïf le , port de l ’ abaya s ' accompagne plus que souvent du port du voile .	Neutral
3234	@user Il fait du taqiya pour sa sois disante da ' wah 🌸 il m ’ a bloqué cette shmet	Anger
3660	Cross gaat net tekort komen , is teveel aan het nadenken nu . # rtl7darts	Sadness
3697	@user Siervuurwerk voor particulier gebruik veroorzaakt net zo goed slachtoffers , dus graag een verbod daarop .	Neutral
3485	na het bericht van de eerste vuurwerkdode dit jaar vermeld het # nosjournaal dat er i . h . a . weinig doden vallen bij vuurwerk in Nederland . Weinig ? Elke dode is er 1 teveel voor een tijdverdrijf . Waar berust dit op ? Het # nosjournaal moet zich onthouden van aannames .	Anger
3712	@user Los van de vraag of je de door Alescon gekozen oplossing goed vindt of slecht : de rechter heeft geoordeeld dat de constructie niet conform de wet is . Het hoger beroep zal uitwijzen of des rechters oordeel juist is . Heeft niets te maken met wat ons beter uitkomt .	Neutral
3814	@user Hij benoemt precies wat er niet klopt , kan dit uitermate goed verwoorden ! Het enige wat hem kan opbreken is dat je nooit ver komt met enkel schoppen tegen het bestaande systeem . . . Dan blijf je de eenzame toeteraar die niks kan veranderen . . . Iets meer nuance ! @user 	Anger
3629	Sommige berichten herlezen is nooit een goe idee	Sadness
3356	Weersverwachting : Vandaag wordt het in Overlangel Zwaar bewolkt , lichte regen , min . 4 graden en niet warmer dan 1 . . .	Neutral
3853	@user De phishingmails rijzen de pan uit , Coralie ! De meesten zijn bij ons bekend en zijn te vinden op http Staat de jouwe daar niet tussen ? In dezelfde link , iets boven de bekende berichten , staat wat je dan kunt doen . Bedankt voor je melding !	Neutral
3840	@user Als er geen historische besef meer is is alles al gauw # outofthebox	Neutral
3612	Zware druk op Kamerlid Moorlag om af te treden http # PvdA - Kamerlid en landbouwwoordvoerder William Moorlag staat onder zware druk om zijn Kamerzetel op te geven . Vooralsnog weigert hij dat , . . .	Neutral
3486	Ik ben al de hele week Aziatisch aan het koken , goh damn de persoon die ooit in een relatie belandt met mij gaat echt blessed zijn	Joy
3692	@user Pff bedoel dat je van beiden het beste neemt . Zoals de verzorgingsstaat maar niet te extreem .	Neutral
3444	Vandaag een dagje thuis werken en ondertussen luisteren naar @user voor de # top2000 . Genieten ! En af en toe lekker hard meezingen met de radio 📻 🎤 😀 . # omdathetkan	Joy
3555	@user Top vakantie daar geloof ik beveiligers die jullie naar het hotel brengen vechtende leeuwen en nu dit . Tijd voor een gave foto we worden nieuwschierig	Anger
3876	@user Geen idee , op beide vragen . Maar ik weet wel dat ik over een jaar of tien best weer een stukje moet kunnen rennen . Of niet . In beide gevallen zal het leerzaam zijn .	Neutral
3695	Hang rond met Jacob Lalkens The Creator en andere leuke mensen in de buurt , als jij je aanmeldt voor Badoo ! http	Joy
3634	@user ik ga mijn lintje wel bij een zekere persoon ophalen 😛	Joy
3608	Worden hologram - concerten de nieuwe trend ? Deze overleden sterren staan weldra op de planken in Antwerpen http # gva http	Neutral
3369	@user Er hebben altijd al joden gewoond in het thans omstreden gebied . Degene die dat bestrijden zijn niet goed geïnformeerd of doen dat uit louter ranzige politieke motieven ! Derhalve kan er ook geen sprake van een bezetting zijn . Islamitische geleerden uit Kuweit bevestigen dit !	Anger
3971	@user Je zou hier eens bij de kassas moeten kijken . Hier wordt het kassascherm aangeraakt met een potlood , omdat de nagels veeeeeeel te lang zijn en er niet mee gewerkt kan worden .	Anger
3536	@user Ha , het is een neutrale Twitterbericht , zonder oordeel . Tja . En het gelijk is belangrijk . De onverantwoorde bruut . Arme nabestaanden . Gelukkig nieuwjaar . . .	Sadness
3430	Dit filmpje van het Utrechtse stationsgebied is nu zon tien jaar oud . Alleen het stuk van 3 : 50 tot 4 : 10 is nu nog als zodanig te herkennen . De rest is weg of onherkenbaar veranderd . http Cc @user 	Sadness
3491	Wist je dat het hart bij de mens in het midden van de borstkas zit en niet links ?	Neutral
3700	Waarom toch die geschiedvervalsing in de recente nieuwsbrief van @user Er is reeds een ( poging tot ) samenwerking gaande sinds april 2016 , niet sinds begin 2017 . We zitten ongeveer in overlegweek nr . 89 als ik me niet vergis . http	Anger
3479	@user Goede analyse had het gemist op # rtl7 🎯 🎯 🎯	Joy
3650	@user Dank ! Zal nog even duren . . .	Anger
3994	@user Bent gij ingelogd met u icloud account op die gsm ?	Neutral
3343	Download gratis jouw e - book om van # 2018 jouw beste jaar ooit te maken : http http	Neutral
3626	Raymond Steghuis is de nieuwe prins van de @user in @user Prins Steghuis koos zaterdagavond sik Gerrit Kluvers als zijn vaste staf . Vanuit # Gallië ( # DeLutte ) van harte gefeliciteerd . Avé en völl wil ! http	Joy
3782	Aanleg duurzame oevers loopt voorspoedig , aldus Waterschap http	Neutral
3493	Want zij gelooft in mij 🎶 🎶 📻	Joy
4026	@user Jij maakt twitter leuk .	Joy
3388	Te koop : vrijstaande semibungalow met grote garage en tuin rondom in Steenbergen . Meer info via : http # tekoop # rijksvastgoed	Neutral
3767	De dag waar we op hebben gewacht is aangebroken ! Veel plezier vandaag en doe voorzichtig . Niet alleen voor jezelf maar ook voor anderen . # vuurwerk	Joy
3640	5 a 10000eur MAANDELIJKS ? Van waar komen die cijfers ? Uit uwen duim ? Trouwens nog zo eentje : 50 % salariswagens bij 10 % beste verdieners . . . veel beste verdieners dan toch . . . http	Anger
3396	De @user Ambachtsgaarde heeft een gezonde lunchpakket gesponsord voor het vader en kind toernooi . Hiernaast hebben zij ook lekkere appelbeignets gesponsord voor jeugd die na afloop van hun rondes in de wijken een lekker warm bakkie chocolade melk kregen met appelbeignets . http	Love
3943	Mariana0 ( 55 ) uit - Gezelligheid staat voorop , dat is iets wat ik altijd wel zeg . En dat is ook gewoon een feit natuurlijk . Ik wil daar en geweldige tijd aan over houden met veel passie en liefde voor elkaar . Een relatie is pas later . . . http # flirten # sexdates	Love
3579	Voordeel van werken ts kerst en nieuw wanneer all quiet is op het werkfront : je gevlagde mails bijna allemaal erdoor jagen in 2 dagen # jeuj # preusipmezelve	Joy
3731	Dankzij Janmaat ( heft buitenspel op ) en daarna Narsingh ( scoort uit rebound ) , buigt Swansea een 1 - 0 achterstand om in 1 - 2 . # dutchies # watswa	Joy
4024	Dan begrijp je ook dat Rutte zelf op bezoek gaat bij fractie CU als het er echt op aan komt . Vgl @user over formatie en CU .	Neutral
3909	@user Ik val ook niet af van LCHF en volgens mij is dat ook niet gezond . Het gaat er gewoon om dat je van minder goede dingen minder eet . Dus vet en carbs naar beneden . Anders kun je het afvallen echt vergeten .	Anger
4036	@user ben gek op felle kleuren dus rechts boven	Joy
3997	@user Heel lief van jou Moon en Klazien is helemaal geweldig dat heb o . a . ik heel recent nog mogen ervaren in Maassluis 👍	Joy
3472	Burgemeester Hoekstra : “Hou het gezellig tijdens de feestdagen” http # Leek - Het jaar 2017 loopt bijna ten einde , de Kerstdagen en de jaarwisseling komen er aan . Tijdens de jaarwisseling wordt er nogal . . .	Neutral
3331	@user Ze zien fietsers niet als doorgaand verkeer , dat is het probleem .	Neutral
3371	@user Oei . Dat kunt u het beste even doorgeven aan @user of via http	Neutral
3651	@user absurd . Hierin zie je de incompetentie van de mensheid - op a - klasse niveau zie je dit ook alleen maar archaische achterhaalde narratieven - niemand denkt voor zichzelf	Anger
3959	@user Maar iig is dat verleden tijd ! Ik heb sws mijn twijfels over het verloop hiervan . Ikzelf ben best positief over ten Hag . Ik denk alleen dat je dit seizoen meer kans had op de titel als je verder was gegaan met Keizer .	Neutral
3802	@user Te kort door de bocht . Wiebes noemt wettelijk verbod immers de meedt voor de hand liggende optie . Bovendien : 2030 is tamelijk ver weg	Neutral
3457	Weet Dreft nog steeds ni dat hun reclame spotje zwaar irriteert ! ?	Anger
3649	@user Ondanks > 5 meldingen gedurende meer dan 1 week nu toch ongedierte in # vleuterweide dat zou anno 2017 toch niet moeten kunnen ? ! http	Anger
3421	@user De andere afleveringen zijn inderdaad minder walgelijk . : ) Eerder confronterend .	Joy
3447	@user Ja maar ik heb abbo voor toverland dus moet er ook gebruik van makken stukje idd op de fiets	Neutral
3977	@user Modern opgeleide metselaars kunnen bijvoorbeeld geen bogen meer metselen .	Neutral
3681	@user De laatste keer dat ze daar in opstand kwamen werden ze in de steek gelaten door rest wereld en USA . Trump is anders . Of hij de kans krijgt ?	Neutral
3736	@user Ik wil overigens vuurwerk niet aangepakt zien , omdat het probleem in mensen zit en niet in vuurwerk . Niet omdat er ergere dingen zijn . Is slechts om de hypocrisie van de verbodsfetisjisten aan te tonen .	Anger
3344	Ik ga eerste stukje Sara Kroos kijken op NPO 1 en daarna op NPO 101 kijken naar The first dates	Neutral
4045	@user Mee eens maar daar hebben die daklozen nu even niets aan .	Neutral
3870	Michael van Gerwen nu met 5 - 4 voor , nu moet hij het ook gaan afmaken . # rtl7darts	Neutral
3487	December 2017 niet de somberste maand : reeds 10u13min zon , record van december 1934 met 9u31min blijft	Neutral
3410	De tweede bestuurder van de avond met een telefoon in de hand . Opnieuw pv . # duregrap # zondegeld @user http	Anger
3708	@user ik zou zeggen verhuis daarheen . Ik voel me enorm thuis in het NL van nu . En laat mijn land niet vergallen door dat geneuzel over de gewone nederlander die het zo slecht heeft .	Anger
3737	Ale de discussie over geen vlees eten is weer begonnen . . . zwijg gewoon en laat mensen van hun vleesje genieten net zoals wij u van uwe quinoa laten ‘ genieten ’ , danku .	Anger
3957	Wat een missers . . .	Anger
3545	@user Helemaal over gaat het niet , je kunt het wel een plaatsje geven zodat je ermee om kunt gaan , de boosheid gaat meestal wel weg maar het verdriet wordt wel zachter	Neutral
3815	Ik vraag : heb je al natuurkunde gehad op school ? Nee , nog niet . Ik leg kort uit , suiker oplossen in vloeistof , gaat niet sneller als je de hele tijd tegen het glas tikt . Maar hoe moet het dan ? Het glas is smal . Kijk , zeg ik , dat is nou techniek . 2 /	Neutral
3436	@user Zelf stuur ik al jaren geen kerstkaarten meer . Ik wens iedereen fijne dagen via social media . Ik stuur wél kaarten gedurende het jaar door . Van die spontane .	Neutral
3807	@user De mens ziet zich graag als goed wezen maar als vleesvreter , bontdrager , dierinkooihouder of dierenberijder ben je domweg deel van holocaust op dieren , als een kankergezwel gegroeid door de jaren daarmee mede de nonchalance voor dit onrecht	Anger
3963	# Plofklas woord van het jaar . . . . hoe lang duurt het , voordat dat ook niet meer verantwoord is om in de pan te mieteren ?	Anger
3570	@user Ja ok , shit happens soms . Ik heb een beetje moeite met alles mag behalve . Relaties stranden ook om andere dingen . Alsof vreemdgaan het ergste is wat er bestaat .	Sadness
3903	@user Ik ben bijna 40 jaar verder . Nooit nodig gehad . De tangens ook niet .	Neutral
3478	Rijk worden door de miserie van anderen , prachtig systeem toch dat liberalisme . http	Anger
4074	VVD wil meer vrijheid rond bouwen in Apeldoorn EENS ! http	Joy
4035	@user Danneh . . tot gauw !	Joy
3748	@user Zelfs toen Boonen nog wel fietste was hij af en toe de weg kwijt . Zelfs in koersen waar Boonen niet fietste wist hij zijn naam nog wel een keer of 30 te laten vallen . . .	Neutral
3382	@user Ik vraag me meer af waarom nog steeds ? Hoe dan ?	Neutral
3397	@user Dag Arne , wat vervelend voor je . Stuur je me je klantgegevens en je contactnummer even door ? Dan bezorg ik deze aan mijn collegas van business support opdat zij je hiervoor kunnen contacteren . Valérie	Sadness
3655	@user kansloos verhaal over cryptominers ! Als expert mensen wijs maken dat ze dan gehackt zijn en vervolgens wel het juiste verhaal vertellen . Namelijk een mine script op de site . Het verhaal klopt maar half en zaait verwarring . . .	Anger
3904	Snap echt niet dat mensen nu al zoveel vuurwerk afsteken . Heb je dan echt zo veel gekocht dat je het op oudjaarsdag alleen niet kan afsteken ? x )	Anger
4027	@user Vanuit Athene kun je alle kanten op . Vaak daar een auto gehuurd en dan op de bonnefooi naar het noorden of zuiden . Nooit iets van te voren geregeld . Had het wel wat gemakkelijker want ging altijd alleen met Grieken op vakantie daar .	Neutral
3381	@user Beste Edwin . Ik had van jou wel wat meer niveau verwacht . Niet alleen lees je het bericht verkeerd . Je gelooft ook nog eens de roddelmedia i . p . v . de waarheid . Beetje triest . Ik hoop dat je omtrent @user een beetje serieuzer je werk doet .	Sadness
3354	Beste banken : blijf je spaarrente maar lekker verlagen ; de meeste mensen met wat vermogen zullen hun geld niet meer bij jullie stallen maar inleggen in crypto munteenheden . Ik wacht met smart op het moment dat jullie omvallen door tekorten . # bitcoin # ripple # ethereum # btc # xrp	Anger
3652	Ik ken een tamelijk behoorlijk hoger opgeleide die uit principe geen conversaties aangaat met mensen onder zijn niveau . Armetierige prick is dat zeg . Maar ja . # famille .	Anger
3583	@user Geen idee hoe ze daar elke keer in slaagt , krijg je die gave op het moment dat je mama wordt ofzo	Neutral
3900	@user Niet hoor , ik ben tamelijk rechts maar ik vind haar wel objectief .	Neutral
3942	@user Die site is elk jaar anders ; ik verdwaal er telkens weer . Hier een handige bron : http	Neutral
3470	@user ondertussen werkt het terug ! ! ! k had echt niks haha	Joy
3378	17 Meest populaire citaten van 2017 # 4 Het voelt goed om dicht bij mijzelf te blijven . Citaat uit : “Neem de tijd om terug te kijken” http http	Neutral
3408	Voorts dan , broeders , vragen wij en vermanen wij u in de Here Jezus , dat gij , zoals gij van ons verno . . . http	Neutral
3522	90 De scheids fluit af , de Rangers spelen met 0 - 0 gelijk op Celtic Park . De thuisploeg was de betere in de eerste helft , maar op basis van de tweede helft had er meer ingezeten voor de Rangers .	Neutral
3663	Nog iets meer dan een uur en dan ff die weekly items checken	Neutral
3947	@user Poehh , met deze onderbouwing wordt dit een eng nabij toekomstbeeld	Fear
3740	Het establishment in West - Europa is nog slechts goed in de volgende dingen : - angst hebben - aan symptoombestrijding doen - rouwen Het Verval . Totale capitulatie . # islamisering http	Anger
3895	@user De weinige ervaring die ik als slechtziende met luchthavens heb geeft helaas geen ander beeld . . .	Sadness
3518	@user Er ontbrak dus een lusje 😊	Neutral
3560	Wat een mega baas die @user Op HET moment het doen . Absurd goed dit . # rtl7darts # wkdarts	Joy
3933	Waarschuwing voor door Action verkochte speelgoedblokfluiten http Sambro International Ltd . waarschuwt klanten dat ten gevolge van een productiefout het mondstuk van de hierboven afgebeelde speelgoedblokfluit . . .	Neutral
4041	@user wrom vliegt de tijd , als jij draait ? Ik heb weer genoten van jouw twee uurtjes . . . niet geloven hoe de week is omgevlogen , en ook de # Top2000 slaap lekker , en tot morgen , wanneer we t jaar uit gaan luiden ! 💙 💙 💙	Joy
3705	Francken : “Ik heb onderzoek naar Soedanezen bevolen , niemand anders” http via @user - - - Ieder ZIJN verantwoordelijkheid en geen interferenties zijn een absolute must en een absolute garantie opdat deze regering haar term zou uitmaken .	Neutral
4058	@user Wil je dat dannnn	Neutral
5834	Сначала снятся кошмарики за полтора часа сна , а потом ты лежишь и не можешь уснуть . Не высплюсь , бляяя	Anger
6319	Бооооже , ещё какая - то неделька , и я буду в своём родном домике сидеть 😍 со своею семьёй ❤	Joy
5593	ПЛАСТМАССОВЫЙ МИР ПОБЕДИЛ МАКЕТ ОКАЗАЛСЯ СИЛЬНЕЙ ПОСЛЕДНИЙ КОРАБЛИК ОСТЫЛ ПОСЛЕДНИЙ ФОНАРИК УСТАЛ А В ГОРЛЕ СОПЯТ КОМЬЯ ВОСПОМИНАНИЙ .	Neutral
6440	Уважаемые коллеги , пришла ко мне моя знакомая , случай которой я описывала . . . http http	Neutral
6401	@user Общались . Проблемные темы не затрагивали . Теперь это мои проблемы , нечего ими грузить других людей .	Neutral
4829	завтра : когда уже будешь бухим в дрова на нг , но не будешь знать чувства меры http	Neutral
5381	@user Самый холодный новый год ? Да вы хоть раз в России летом были ? А зимой ? Самый холодный Новый год это каждая секунда проведённая в России . В самой холодной части России изотермы января - 72 градуса . А сколько у вас ? - 15 ?	Anger
4459	Всё , что легко доступно , уже не хочется ✌ 🏻	Sadness
4996	скорее всего мы будем вместе в эту новогоднюю ночь и пусть сейчас у нас большие проблемы , мы будем вместе	Love
4450	@user Я вапще неуиноуный . Оне саме	Neutral
4641	Вы в Калининграде . . . это так здорово ! Как жаль , что мне не посчастливилось с вами там побывать . . .	Love
4255	Вместо билборда против абортов у нашего универа я бы повесила билборд за аборты со своим лицом крупным планом и двумя короткими словами Мама , нахуя ?	Anger
4634	У меня непритязательный вкус . Я всегда доволен лучшим . — Оскар Уайльд http	Neutral
5605	- Может нам сбежать из дома ? - Мне 17 , в таком возрасте таким уже не занимаются . Или коротко о том , что происходит в моей голове ( Если что , это шутка . Сбегать я не собираюсь . Во всяком случае , не под новый год ) 💯 Ваша Белка	Neutral
5929	Такое даже не твитнешь . В общем , такое окончание 2017 очень многообещающее ! ! !	Joy
4783	Благодаря Путину до земли долетела незначительная часть # метеорит ` а , остальное по дороге распилили	Anger
4857	маша нарисовала мне ету прелесть и я уже который час умиляюсь тт http	Love
5888	ладно , это проверка болевой бс окда теперь я буду п р и с л у ш и в а т ь с я к с е б е тяжело быть ипохондриком	Sadness
5913	ты стряхивала снежинки со своего пальто входя в кафе что находится на конце города я ждал тебя за столиком понимая что ехать на метро в свой дом теперь бессмысленно потому что как только я посмотрел на тебя услышал фразу которой даже не удивился : это конец . с новым годом . прощай	Neutral
5779	@user Как чистят в Кировском р - оне - ул . Металлистов . К дому добраться проблематично , особенно если ребенок в санках , на колясках невозможно.Пожилым тоже сложно на горку взбираться . Учитывая , что это оживленная дорога , а напротив стоит детский садик . http	Sadness
6346	@user В Миленосреде хватает людей , способных поизвращаться . Пленная казашка на снимке как раз из числа тех , с кем я познакомился через творчество Милен . На втором снимке благочестивая дева , которая практикуется у себя в Волгограде , хотя и не готова показать лицо . Она тоже от MF . http	Neutral
6384	@user Завелись одним плез а то на одном глазу есть на втором вообще нет http	Neutral
4911	И ТЕБЕ СПАСИБО http	Love
5922	Если пред тобою великая цель , а возможности твои ограничены , все равно действуй . Ибо только через действие могут возрасти твои возможности . ( Шри Ауробиндо ) # взаимныеподписки	Neutral
4997	( Лавров рассказал , чему он научился у Путина ) опубликовано на Политика . Власть . Общество . http	Neutral
5032	Никогда не мстите подлым людям . Просто станьте счастливыми . И они этого не переживут . . . – Юрий Никулин .	Neutral
4537	ДОРОГИЕ СООТЕЧЕСТВЕННИКИ , ВЫБОРЫ ПРЕЗИДЕНТА - ЭТО НАШ ШАНС ИЗМЕНИТЬ НАШУ ЖИЗНЬ , И ЖИЗНЬ НАШЕЙ СТРАНЫ В ЛУЧШУЮ СТОРОНУ ! ! ! ОТ ГОЛОСА КАЖДОГО ИЗ ВАС ЗАВИСИТ БУДУЩЕЕ НАШЕЙ РОДИНЫ ! ! ! НЕ БОЙТЕСЬ ПЕРЕМЕН ! ! ! ПОБЕДА БУДЕТ ЗА НАМИ ! ! ! Эдуард Лайшен http	Love
6036	@user Нет это именно так , помощи от вас нет ! Вы не дали субсидию , а дом который могли бы сдать уже через 2 месяца , сдадут без средств дай бог к следующему новому году . Вы просто не знаете , что такое платить ипотеку и снимать одновременно жильё на протяжении 10 лет , поэтому вам нас не понять (	Anger
4287	@user даже у нас с тобой ? 😏	Joy
4999	- А давайте его разыграем и вместо лимонада ему в стакан водки нальем ! - А давайте лучше меня так разыграем !	Joy
4448	@user Скажи им так	Neutral
5560	ЭТО ЖЕ БАЙКЕР ХЕРУРГ ! НУ ПРЯМО ВЕЗДЕ НАШИ ЛЮДИ http	Anger
5948	@user Хочу , чтобы был такой человек , которому я могла бы написать в любое время пару слов : Блин , мне так хреново ! И увидеть на это : Одевайся , через 10 минут буду .	Sadness
6041	купила себе новую палетку теней просто хочу чтобы вы знали	Joy
5425	@user Вообще то я тоже фраернулся , носителъ языка написал бы can you check , please . Please ! Сука у нас никогда не получается , к сожалению .	Anger
4568	@user голосовала за второе , но насколько знаю , некоторые закрепляют свои рисунки лаком е_е	Neutral
4598	Начинаются дни , когда сладкое ешь 24 / 7	Neutral
5086	- Солнышко , будешь кофе ? - Да , дорогой ! - Да нет , это я сам с собой разговариваю . . .	Neutral
4115	@user А он хроники просматривает только тех , на ком бабло поднимает !	Neutral
5404	И крч нету у меня итогов Есть ток картиночка , на которой все мемасы года и всё Её то мы и выложим	Neutral
5809	мне снова хочется ныть что у меня ничего не получается я недовольна собой у меня не выходит так чтобы я написала а потом мне действительно понравилось и вот чтобы без угловатости	Sadness
4467	Я : чо за хуета всякие мьюзикли лайки и тп Вк : Я : ЭТО ПРОТИВ МОИХ СИЛ УСТАНАВЛИВАЮ http	Anger
6134	@user доброй ночи . искренне надеюсь , что утром ты будешь лучше себя чувствовать 🌿 🌸	Love
6085	Таможенный кодекс ЕАЭС ратифицирован всеми странами ЕАЭС # политика	Neutral
5507	@user Я вообще поражаюсь , как вирус кришнаизма проникает даже в самые отдаленные уголки нашей планеты , особенно в такую мухосрань , где я живу .	Anger
5127	@user Самое приятное , что я увидела за день ❤️ ! ( кроме постанови про адміністративне правопорушення на мое имя 😂 )	Joy
4637	Прожила 2 недели в дерьме , не поняла , зачем я в него влезла , вылезла из него , живу дальше 🤦 ‍ ♀ ️ 🤦 ‍ ♀ ️ Я тупая баба и просто бесила всё это время сама себя 🤷 ‍ ♀ ️ Потом плюнула на всё и живу так , как оно идёт ✔	Anger
4438	@user я писал отдельно , но скажу еще раз , это очень мило , спасибо тебе ! 💫 ✨	Love
4776	на самом деле когда твой возлюбленный тратит на тебя деньги , хочется повеситься , ибо ты чувствуешь себя какой - то дорогой проституткой	Sadness
5183	7 . Так же стала больше общаться с Соней ( @user и Катей ( @user всратые товарищи , к таким людям как магнитом тянет , видимо . http	Joy
5057	Хочу попросить врачей твиттера накануне запойных каникул построчить сюда о вреде хуевого алкоголя , любимого нашими гражданами . Это не тот , от которого слепнут местные колдыри , а тот , который дешево , вкусненько , вроде никто не помер .	Anger
5803	Любимое занятие россиян в последние несколько лет - в прямом эфире переживать , как другие страны освобождаются от дикторов и вздыхать о том , что в России 86 % за Путина .	Neutral
4291	Я понимаю , что мне саму мою первую подборку Как видят меня . . . http	Neutral
5229	я искренне радуюсь за людей , которых вижу счастливыми , но вспоминаю свою жизнь и хочется плакать и больше не видеть таких людей , потому что они и есть причина моих слез . . .	Sadness
4803	нет ничего лучше этой фразы http	Joy
5423	Коллектив авторов - Аналитическая химия . Проблемы и подходы . в 2х томах http	Neutral
4935	Оке , важный опрос о том , что смотреть на новогодних праздниках	Neutral
6224	New : Никогда : у Трампа выступили с важным заявлением по Крыму http	Neutral
5498	Попросить у курящего на улице сигарету - это нормально , а если кто - то шоколад ест и ты попросишь кусочек - смотрят как на психа .	Neutral
6136	Наши утренние 🇦🇹 маршруты 🚘 Частные трансферы в Альпах . Путешествуйте с нами комфортно и . . . http	Neutral
5253	I liked a @user video http Новая тачка которая плавает и которою чуть не	Joy
5574	🙋 ‍ ♀ ️ 🎅 🎉 🌲 НЕМНОГО ЮМОРА ВАМ В ЛЕНТУ ! http	Joy
6038	когда на вивино пишут про беленькое хрусткая бодрящая кислотность , это прям причина насторожиться , скорее всего глаза будут выпадать	Fear
6434	сюжетная ветка с криденсом мне кажется толстой аллегорией на проблему игнорирования метальных заболеваний : человек годами страдал и не находил ни в ком внимания и поддержки , и в один момент всё выплеснулось наружу и закончилось непоправимо	Sadness
4732	Я удивляюсь , как бабуля так быстро умудряется готовить . Мы приехали 40 минут назад , а уже готовы вареники . Тесто , такое чувство , само замесилось за 2 минуты и начинка сама туда прыгнула . Удивляюсь , как эта женщина так делает 🤔	Joy
4512	свобода и т . д . , до такой степени неопределенные , что даже в толстых томах не удается с точностью разъяснить их смысл .	Neutral
4441	@user Главное , что потом все - таки осознаешь , что близкие есть . И нужно никогда не забывать об этом . 💜	Love
4793	Пусть в каждом бокале поселится что - то / И лица сияют , будто от свёклы . Пусть будут взятЫ это ночью высоты / И будет с утра ваше горло не клёклым . © @user 🎄 🎉 💗 💫 Пусть у каждого в Новом 2018 году всё задуманное - воплотится , и даже несбыточное - СБУДЕТСЯ ! 🎄 🎉 💗 💫 http	Joy
4473	На самом деле всё просто охуено Но Go это проСТО ШЕДЕВОР КОТОРЫЙ Я БУДУ ПЕРЕСЛУШИВАТЬ МММ ВСЕГДА	Joy
6269	@user В ГУМе тоже торговля Моклером и Бербери встала из за этих ебучих замкадышей . .	Anger
6162	Любовь - над бурей поднятый маяк , Не меркнущий во мраке и тумане . Любовь - звезда , которою . . . http	Neutral
5141	Людям не всегда нужны советы . Иногда им нужна рука , которая поддержит . Ухо , которое выслушает и сердце , которое поймет . http	Love
5548	@user ну у меня тариф такой , я его то тратить весь не успеваю ) но подарить что нибудь бы могли )	Neutral
5722	Руками меня не трожь , Я спокойно иду ко дну , И подаренный тобою нож , Я тебе при встрече верну .	Neutral
4488	у нас с Дашей будет контент . эдак через много месяцев http	Neutral
5192	Дружеский совет на предстоящие праздничные дни : забудьте про автомобиль в нетрезвом состоянии . Вот я сегодня оставил машину на парковке и быстро вернулся домой на автобусе . И знаете что ? Я очень этим горжусь , т . к . раньше я никогда не водил автобус , да ещё с такой скоростью .	Joy
5169	вау , эт где такой ? : ) http	Joy
5170	давайте , и дастся вам : мерою доброю , утрясенною , нагнетенною и переполненною отсыплют вам в лоно ваше ; ибо , какою мерою мерите , такою ж . . .	Neutral
6428	вот отчёт Агоры , вот Павел Дуров , который был тогда генеральным , на него никто не давил типа Усманова , он просто работал в 2011 - ом году , а вот ответ Павла Дурова о том , что этого не было никогда http	Neutral
5483	Играла эпоха со всею страною , придавила неправда наши души плитою . Юлия Друнина . http	Sadness
5012	Хотела изменить себя за этот год , но осталась всё той же 13 - ти летней максималисткой	Sadness
5854	я так тянусь за теплом , которое я всего однажды почувствовала от её рук и теперь чувствую через экран , меня так долго морозили , что сейчас я просто хочу почувствовать жар объятий первого человека , который так быстро со мной сблизился	Sadness
4294	Сегодня арзамасцы могли видеть на улицах города новый красивый красный автобус . Под его лобовым стеклом была закреплена табличка маршрута №1 Что это за машина , откуда она к нам пришла и надолго ли ? Подробнее : http http	Neutral
6155	Всегда учусь на ошибках людей которые пользуются моими советами	Neutral
5212	И всем нам здравия ! ! ! ☺ ☺ ☺ http	Joy
4502	@user Попытался указать на цитаты , но оказалось , что придется цитировать весь тред . Ключевая мысль : субъективное суждение «мне не понравился геймплей» приводит к «недостоин быть референсной игрой в моем списке» , в котором он есть игры с еще более бедным геймплеем .	Neutral
5103	хихи моя бывшая преподавательница из универа ( и зав каведрой факультета графических искусств одно время ) ЛАЙКНУЛА МОЙ НЮДС в инстике ААААААААА	Joy
4296	Надень счастливую маску , стань той , кем хотела быть , покажи , что любишь жизнь , когда на самом деле только мысли о смерти спасают тебя .	Neutral
5344	# GVANGA # Снять _ комнату # Люберцы Сдается в аренду комната 2 - ком . . . http http	Neutral
5412	24 . Стал меньше ссориться с мамой и теперь могу болтать с ней практически обо всём 24 / 7	Joy
4108	Три дня выходных перед НГ - идеально . Можно и поспать , и уборку , и маникюры всякие сделать , и приготовить все , и даже на потупить время остаётся . Это было лучшим решением - заменить выходной 25 на 29 .	Joy
5842	осталось 5 глав а я не хочу дочитывать потому что не хочу плакать ибо такой шикарный фанф не должен заканчиваться	Sadness
5078	бляха , надо сегодня побырику убраться и успеть сходить и непаливно купить бухлишка себе на нг ночь	Anger
6206	Отдала письмо @user , теперь сидим и ждём кино с @user , @user и ещё одним другом ✨ 😻 🎄 Скорее всего исчезаю и буду завтра	Joy
4694	На самом деле fuck this shit , никакого традиционного бльювье , х * л * дца , шубы и новогоднего огонька . В пизду эти традиции .	Anger
6279	Где - то летом 1988 - го придя в 1 - й отдел устраиваться на работу в почтовый ящик простым рабочим на завод , я увидел анкету на нескольких листах , которая меня конечно озадачила : Например : - ваши родственники были в оккупации ? А откуда я знаю ? И плакат был подобный на стене . . . http	Neutral
5747	🎉 Толокар - ходунок 4 в 1 со скидкой ! 〰 〰 〰 〰 〰 〰 〰 ✔ Ваш ребенок будет очень рад такому подарку ! ✔ Вы . . . http	Joy
5957	@user Даже я уже начинаю верить в вашу влюбленность к этому чуваку ) )	Love
4690	Спасибо 2017 год . Я попрощалась со многим . С балластом , что порождало во мне комплексы , познала истинную дружбу и наконец попрощалась с не моими людьми . Я счастлива быть той , какой теперь я стала	Love
4235	Греки , вы ебанутые ? Продадите танки - покроете кредиты .	Anger
